Metric,Value
Mean Absolute Error,203.1000366340652
Mean Squared Error,69160.84151814292
Root Mean Squared Error,262.984489120828
R-squared,0.7762683765205707
