Metric,Value
Mean Absolute Error,231.4380853179227
Mean Squared Error,90793.62644420411
Root Mean Squared Error,301.31980758689616
R-squared,0.7062874742404943
