Metric,Value
Mean Absolute Error,274.10447987022746
Mean Squared Error,124366.53345504143
Root Mean Squared Error,352.6563957381766
R-squared,0.5976809155928802
