Metric,Value
Mean Absolute Error,205.48409440022945
Mean Squared Error,70924.43899958671
Root Mean Squared Error,266.31642645467196
R-squared,0.7705632329880973
